{
  "hash": "8d2a5928",
  "configHash": "8cf074b1",
  "lockfileHash": "16eb5664",
  "browserHash": "3ba24b92",
  "optimized": {
    "@angular/common": {
      "src": "../../../../../node_modules/@angular/common/fesm2022/common.mjs",
      "file": "@angular_common.js",
      "fileHash": "d224a4df",
      "needsInterop": false
    },
    "@angular/common/http": {
      "src": "../../../../../node_modules/@angular/common/fesm2022/http.mjs",
      "file": "@angular_common_http.js",
      "fileHash": "0277ec46",
      "needsInterop": false
    },
    "@angular/core": {
      "src": "../../../../../node_modules/@angular/core/fesm2022/core.mjs",
      "file": "@angular_core.js",
      "fileHash": "88a2834f",
      "needsInterop": false
    },
    "@angular/forms": {
      "src": "../../../../../node_modules/@angular/forms/fesm2022/forms.mjs",
      "file": "@angular_forms.js",
      "fileHash": "4f6a83fb",
      "needsInterop": false
    },
    "@angular/material/slider": {
      "src": "../../../../../node_modules/@angular/material/fesm2022/slider.mjs",
      "file": "@angular_material_slider.js",
      "fileHash": "539df7e8",
      "needsInterop": false
    },
    "@angular/platform-browser": {
      "src": "../../../../../node_modules/@angular/platform-browser/fesm2022/platform-browser.mjs",
      "file": "@angular_platform-browser.js",
      "fileHash": "ff369629",
      "needsInterop": false
    },
    "@angular/platform-browser/animations/async": {
      "src": "../../../../../node_modules/@angular/platform-browser/fesm2022/animations/async.mjs",
      "file": "@angular_platform-browser_animations_async.js",
      "fileHash": "3ad82ab8",
      "needsInterop": false
    },
    "@angular/router": {
      "src": "../../../../../node_modules/@angular/router/fesm2022/router.mjs",
      "file": "@angular_router.js",
      "fileHash": "2bf18aaf",
      "needsInterop": false
    },
    "@ngx-translate/core": {
      "src": "../../../../../node_modules/@ngx-translate/core/dist/fesm2022/ngx-translate-core.mjs",
      "file": "@ngx-translate_core.js",
      "fileHash": "9660b859",
      "needsInterop": false
    },
    "@ngx-translate/http-loader": {
      "src": "../../../../../node_modules/@ngx-translate/http-loader/dist/fesm2022/ngx-translate-http-loader.mjs",
      "file": "@ngx-translate_http-loader.js",
      "fileHash": "57da7371",
      "needsInterop": false
    },
    "leaflet": {
      "src": "../../../../../node_modules/leaflet/dist/leaflet-src.js",
      "file": "leaflet.js",
      "fileHash": "6d457882",
      "needsInterop": true
    }
  },
  "chunks": {
    "browser-VGQFV42Z": {
      "file": "browser-VGQFV42Z.js"
    },
    "chunk-RMIGDRUQ": {
      "file": "chunk-RMIGDRUQ.js"
    },
    "chunk-FQBF5KK5": {
      "file": "chunk-FQBF5KK5.js"
    },
    "chunk-422I4TBM": {
      "file": "chunk-422I4TBM.js"
    },
    "chunk-FUR7MY4O": {
      "file": "chunk-FUR7MY4O.js"
    },
    "chunk-F3AIFDY6": {
      "file": "chunk-F3AIFDY6.js"
    },
    "chunk-3OV72XIM": {
      "file": "chunk-3OV72XIM.js"
    }
  }
}